﻿--
-- Script was generated by Devart dbForge Studio for MySQL, Version 8.0.40.0
-- Product home page: http://www.devart.com/dbforge/mysql/studio
-- Script date 08/03/2023 22:19:39
-- Server version: 5.5.5-10.1.40-MariaDB
-- Client version: 4.1
--

-- 
-- Disable foreign keys
-- 
/*!40014 SET @OLD_FOREIGN_KEY_CHECKS=@@FOREIGN_KEY_CHECKS, FOREIGN_KEY_CHECKS=0 */;

-- 
-- Set SQL mode
-- 
/*!40101 SET @OLD_SQL_MODE=@@SQL_MODE, SQL_MODE='NO_AUTO_VALUE_ON_ZERO' */;

-- 
-- Set character set the client will use to send SQL statements to the server
--
SET NAMES 'utf8';

DROP DATABASE IF EXISTS schoolbaile;

CREATE DATABASE schoolbaile
CHARACTER SET latin1
COLLATE latin1_swedish_ci;

--
-- Set default database
--
USE schoolbaile;

--
-- Create table `estilos`
--
CREATE TABLE estilos (
  tipo varchar(50) NOT NULL,
  subtipo varchar(50) DEFAULT NULL,
  num_alumnos int(11) DEFAULT NULL,
  PRIMARY KEY (tipo)
)
ENGINE = INNODB,
AVG_ROW_LENGTH = 4096,
CHARACTER SET latin1,
COLLATE latin1_swedish_ci;

--
-- Create table `profesores`
--
CREATE TABLE profesores (
  dni varchar(9) NOT NULL,
  nombre varchar(20) DEFAULT NULL,
  apellidos varchar(50) DEFAULT NULL,
  direccion varchar(50) DEFAULT NULL,
  estilo_impartido varchar(40) DEFAULT NULL,
  tipo_estilo varchar(50) DEFAULT NULL,
  PRIMARY KEY (dni)
)
ENGINE = INNODB,
AVG_ROW_LENGTH = 1638,
CHARACTER SET latin1,
COLLATE latin1_swedish_ci;

--
-- Create foreign key
--
ALTER TABLE profesores
ADD CONSTRAINT fk_profesores_estilos FOREIGN KEY (tipo_estilo)
REFERENCES estilos (tipo) ON DELETE CASCADE ON UPDATE CASCADE;

--
-- Create table `telefonos`
--
CREATE TABLE telefonos (
  id int(11) NOT NULL AUTO_INCREMENT,
  telefono_profesor varchar(15) DEFAULT NULL,
  dni_profesor varchar(9) DEFAULT NULL,
  PRIMARY KEY (id)
)
ENGINE = INNODB,
AUTO_INCREMENT = 11,
AVG_ROW_LENGTH = 1638,
CHARACTER SET latin1,
COLLATE latin1_swedish_ci;

--
-- Create index `uk_telefonos_profesores` on table `telefonos`
--
ALTER TABLE telefonos
ADD UNIQUE INDEX uk_telefonos_profesores (telefono_profesor, dni_profesor);

--
-- Create foreign key
--
ALTER TABLE telefonos
ADD CONSTRAINT fk_telefonos_profesores FOREIGN KEY (dni_profesor)
REFERENCES profesores (dni) ON DELETE CASCADE ON UPDATE CASCADE;

--
-- Create table `eventos`
--
CREATE TABLE eventos (
  nombre_evento varchar(30) NOT NULL,
  fecha date DEFAULT NULL,
  tipo_evento varchar(30) DEFAULT NULL,
  lugar_establecimiento varchar(50) DEFAULT NULL,
  PRIMARY KEY (nombre_evento)
)
ENGINE = INNODB,
AVG_ROW_LENGTH = 3276,
CHARACTER SET latin1,
COLLATE latin1_swedish_ci;

--
-- Create table `categorias`
--
CREATE TABLE categorias (
  nombre varchar(30) NOT NULL,
  tipo_baile varchar(50) DEFAULT NULL,
  num_participantes int(11) DEFAULT NULL,
  dni_alumno varchar(9) DEFAULT NULL,
  PRIMARY KEY (nombre)
)
ENGINE = INNODB,
AVG_ROW_LENGTH = 4096,
CHARACTER SET latin1,
COLLATE latin1_swedish_ci;

--
-- Create table `existen`
--
CREATE TABLE existen (
  id int(11) NOT NULL AUTO_INCREMENT,
  nombre_evento varchar(30) DEFAULT NULL,
  nombre_categoria varchar(30) DEFAULT NULL,
  PRIMARY KEY (id)
)
ENGINE = INNODB,
AUTO_INCREMENT = 6,
AVG_ROW_LENGTH = 3276,
CHARACTER SET latin1,
COLLATE latin1_swedish_ci;

--
-- Create index `uk_eventos_categorias` on table `existen`
--
ALTER TABLE existen
ADD UNIQUE INDEX uk_eventos_categorias (nombre_evento, nombre_categoria);

--
-- Create foreign key
--
ALTER TABLE existen
ADD CONSTRAINT fk_existen_categorias FOREIGN KEY (nombre_categoria)
REFERENCES categorias (nombre) ON DELETE CASCADE ON UPDATE CASCADE;

--
-- Create foreign key
--
ALTER TABLE existen
ADD CONSTRAINT fk_existen_eventos FOREIGN KEY (nombre_evento)
REFERENCES eventos (nombre_evento) ON DELETE CASCADE ON UPDATE CASCADE;

--
-- Create table `alumnos`
--
CREATE TABLE alumnos (
  dni varchar(9) NOT NULL,
  nombre varchar(20) DEFAULT NULL,
  apellidos varchar(50) DEFAULT NULL,
  f_nac date DEFAULT NULL,
  direccion varchar(50) DEFAULT NULL,
  telefono varchar(15) DEFAULT NULL,
  estilo_baile varchar(50) DEFAULT NULL,
  nombre_categoria varchar(30) DEFAULT NULL,
  PRIMARY KEY (dni)
)
ENGINE = INNODB,
AVG_ROW_LENGTH = 1365,
CHARACTER SET latin1,
COLLATE latin1_swedish_ci;

--
-- Create foreign key
--
ALTER TABLE alumnos
ADD CONSTRAINT fk_alumnos_categorias FOREIGN KEY (nombre_categoria)
REFERENCES categorias (nombre) ON DELETE CASCADE ON UPDATE CASCADE;

--
-- Create table `eligen`
--
CREATE TABLE eligen (
  id int(11) NOT NULL AUTO_INCREMENT,
  dni_alumnos varchar(9) DEFAULT NULL,
  tipo_estilo varchar(50) DEFAULT NULL,
  PRIMARY KEY (id)
)
ENGINE = INNODB,
AUTO_INCREMENT = 21,
AVG_ROW_LENGTH = 1638,
CHARACTER SET latin1,
COLLATE latin1_swedish_ci;

--
-- Create index `uk_alumnos_estilos` on table `eligen`
--
ALTER TABLE eligen
ADD UNIQUE INDEX uk_alumnos_estilos (dni_alumnos, tipo_estilo);

--
-- Create foreign key
--
ALTER TABLE eligen
ADD CONSTRAINT fk_eligen_alumnos FOREIGN KEY (dni_alumnos)
REFERENCES alumnos (dni) ON DELETE CASCADE ON UPDATE CASCADE;

--
-- Create foreign key
--
ALTER TABLE eligen
ADD CONSTRAINT fk_eligen_estilos FOREIGN KEY (tipo_estilo)
REFERENCES estilos (tipo) ON DELETE CASCADE ON UPDATE CASCADE;

-- 
-- Dumping data for table estilos
--
INSERT INTO estilos VALUES
('Bailes Latinos', 'Salsa', 4),
('Bailes Modernos', 'Funky', 1),
('Bailes Urbanos', 'Hip-Hop', 3),
('Clásico', 'Ballet', 3);

-- 
-- Dumping data for table profesores
--
INSERT INTO profesores VALUES
('06590541S', 'Nieves', 'Verdejo Arregui', 'Calle Bruno Alonso 4', 'Funky', 'Bailes Modernos'),
('06970418C', 'Rafael', 'Calderon Bermudez', 'Plaza del Sol 16', 'Ballet', 'Clásico'),
('14099105F', 'Carmela', 'Marinez Pazos', 'Calle Junco 2', 'Funky', 'Bailes Modernos'),
('41433352N', 'Anabel', 'Granados Cortina', 'Calle Santiago García 13', 'Hip-Hop', 'Bailes Urbanos'),
('52819737X', 'Javier', 'Salcedo Sanchez', 'Calle de las Infantas 13', 'Salsa', 'Bailes Latinos'),
('62536723R', 'Soledad', 'Arenas Arroyo', 'Calle de Somorrostro', 'Ballet', 'Clásico'),
('78982514W', 'Manuel', 'Gomez Sanchez', 'Calle Vargas 55', 'Ballet', 'Clásico'),
('88805570Q', 'Valeria', 'Guzman Arenas', 'Barrio Villafranca 8', 'Salsa', 'Bailes Latinos'),
('90117387Y', 'Vanesa', 'Sandoval Casanova', 'Calle Leopoldo Pardo 9', 'Hip-Hop', 'Bailes Urbanos'),
('93355693M', 'Jacobo', 'Rico Llabrés', 'Calle Luzmela 13', 'Salsa', 'Bailes Latinos');

-- 
-- Dumping data for table eventos
--
INSERT INTO eventos VALUES
('Awesome Dance', '2023-03-25', 'Nacional', 'Madrid'),
('Just Dance', '2024-01-19', 'Regional', 'Oviedo'),
('Last Dance', '2023-07-15', 'Regional', 'Palencia'),
('Lightning Dance', '2023-05-27', 'Regional', 'Barcelona'),
('World Dance', '2023-08-10', 'Internacional', 'Los Angeles');

-- 
-- Dumping data for table categorias
--
INSERT INTO categorias VALUES
('Infantil', 'Bailes Latinos', 20, '72182314B'),
('Junior', 'Bailes Urbanos', 20, '48984900Z'),
('Juvenil', 'Clásico', 20, '33867741C'),
('Sénior', 'Bailes Modernos', 20, '38635421S');

-- 
-- Dumping data for table alumnos
--
INSERT INTO alumnos VALUES
('19715544J', 'Juan', 'Conde Cillero', '1985-05-24', 'Calle Rodriguez 8', '620257387', 'Clásico', NULL),
('29815917V', 'Mario', 'Rojas Gil', '1995-05-11', 'Calle Joaquin Salas 6', '614520390', 'Bailes Urbanos', 'Sénior'),
('33867741C', 'Miguel', 'Velez Velasco', '1998-10-11', 'Calle Magallanes 4', '607540436', 'Bailes Latinos', 'Juvenil'),
('38635421S', 'Alvaro', 'Guridi Sanz', '1993-01-26', 'Barrio La Calzada 12', '720515662', 'Bailes Latinos', 'Sénior'),
('48984900Z', 'Fernando', 'Gomez Chiquito', '1995-08-16', 'Avenida Reina Victoria 1', '633366577', 'Bailes Urbanos', 'Junior'),
('50807735N', 'Lara', 'Gomez Chiquito', '2000-04-18', 'Calle Juan XXIII 12', '613958767', 'Bailes Latinos', 'Sénior'),
('56058551R', 'Laura', 'Gonzalez Alonso', '1985-03-18', 'Calle Caserios 7', '613740432', 'Bailes Urbanos', 'Sénior'),
('66000805G', 'Ariana', 'Hoyos Vazquez', '2000-11-09', 'Cuesta de la Atalaya 20', '649536201', 'Clásico', 'Sénior'),
('72182314B', 'Antonio', 'Bourgon Cillero', '1993-11-16', 'Barrio de Arronte 3', '678836019', 'Bailes Latinos', 'Infantil'),
('75848673T', 'Isabel', 'Abascal Ruiz', '1983-07-06', 'Bajada de la Encina 15', '654649022', 'Clásico', 'Sénior'),
('81907672A', 'María', 'Sainz Gutierrez', '1996-11-02', 'Calle Luis Zorrilla 3', '675329018', 'Bailes Latinos', NULL),
('92346391X', 'Marta', 'Perez Herrero', '1997-04-10', 'Urbanizacion Los Llanos 21', '613511083', 'Bailes Modernos', 'Sénior');

-- 
-- Dumping data for table telefonos
--
INSERT INTO telefonos VALUES
(5, '602437952', '14099105F'),
(8, '651346042', '90117387Y'),
(9, '652944198', '06970418C'),
(1, '680046377', '78982514W'),
(4, '685329143', '52819737X'),
(3, '685982443', '88805570Q'),
(7, '695284803', '41433352N'),
(10, '699013560', '62536723R'),
(6, '733645168', '06590541S'),
(2, '779301140', '93355693M');

-- 
-- Dumping data for table existen
--
INSERT INTO existen VALUES
(3, 'Awesome Dance', 'Juvenil'),
(2, 'Just Dance', 'Juvenil'),
(1, 'Last Dance', 'Infantil'),
(4, 'Lightning Dance', 'Junior'),
(5, 'World Dance', 'Sénior');

-- 
-- Dumping data for table eligen
--
INSERT INTO eligen VALUES
(15, '29815917V', 'Bailes Urbanos'),
(12, '33867741C', 'Bailes Latinos'),
(14, '38635421S', 'Bailes Latinos'),
(13, '48984900Z', 'Bailes Urbanos'),
(17, '50807735N', 'Bailes Latinos'),
(19, '56058551R', 'Bailes Urbanos'),
(18, '66000805G', 'Clásico'),
(11, '72182314B', 'Bailes Latinos'),
(20, '75848673T', 'Clásico'),
(16, '92346391X', 'Bailes Modernos');

-- 
-- Restore previous SQL mode
-- 
/*!40101 SET SQL_MODE=@OLD_SQL_MODE */;

-- 
-- Enable foreign keys
-- 
/*!40014 SET FOREIGN_KEY_CHECKS = @OLD_FOREIGN_KEY_CHECKS */;